run,run_1,run_2,run_3,run_4,run_5
run_1,1.0,0.8,0.8333333333333334,0.8,0.8
run_2,0.8,1.0,0.6666666666666666,1.0,1.0
run_3,0.8333333333333334,0.6666666666666666,1.0,0.6666666666666666,0.6666666666666666
run_4,0.8,1.0,0.6666666666666666,1.0,1.0
run_5,0.8,1.0,0.6666666666666666,1.0,1.0
